BIOCHEMICAL,PUBCHEM,CAS,KEGG,Group
(12 or 13)-methylmyristate (a15:0 or i15:0),151014,2485-71-4,,
(14 or 15)-methylpalmitate (a17:0 or i17:0),,,,
(15:0)-anacardic acid,167551,16611-84-0,C10759,
(15:2)-anacardic acid,11824131,11034-77-8,,HMDB33896
(15:3)-anacardic acid,5388781,103904-73-0,,HMDB31059
(16 or 17)-methylstearate (a19:0 or i19:0),3083779,2724-59-6,,HMDB37397
(2 or 3)-decenoate (10:1n7 or n8),,,,
"(2,4 or 2,5)-dimethylphenol sulfate",,,,
(N(1) + N(8))-acetylspermidine,,,,
(R)-3-hydroxybutyrylcarnitine,53481617,,,HMDB13127
(S)-3-hydroxybutyrylcarnitine,,,,
(S)-a-amino-omega-caprolactam,439823,21568-87-6,C05328,
1'-hydroxymidazolam,107917,59468-90-5,,
"1,2,3-benzenetriol sulfate (2)",,,,
"1,2-dilinoleoyl-GPC (18:2/18:2)",5288075,998-06-1,,HMDB08138
"1,2-dipalmitoyl-GPC (16:0/16:0)",452110,63-89-8,,HMDB00564
"1,3,7-trimethylurate",79437,5415-44-1,C16361,HMDB02123
"1,3-dimethylurate",70346,944-73-0,,HMDB01857
"1,5-anhydroglucitol (1,5-AG)",64960,154-58-5,C07326,HMDB02712
"1,6-anhydroglucose",2724705,498-07-7,,HMDB00640
"1,7-dimethylurate",91611,33868-03-0,C16356,HMDB11103
1-(1-enyl-oleoyl)-GPE (P-18:1)*,,,,
1-(1-enyl-palmitoyl)-2-arachidonoyl-GPC (P-16:0/20:4)*,,,,HMDB11220
1-(1-enyl-palmitoyl)-2-arachidonoyl-GPE (P-16:0/20:4)*,,,,HMDB11352
1-(1-enyl-palmitoyl)-2-linoleoyl-GPC (P-16:0/18:2)*,,,,HMDB11211
1-(1-enyl-palmitoyl)-2-linoleoyl-GPE (P-16:0/18:2)*,,,,HMDB11343
1-(1-enyl-palmitoyl)-2-oleoyl-GPC (P-16:0/18:1)*,,,,
1-(1-enyl-palmitoyl)-2-oleoyl-GPE (P-16:0/18:1)*,,,,HMDB11342
1-(1-enyl-palmitoyl)-2-palmitoleoyl-GPC (P-16:0/16:1)*,,,,HMDB11207
1-(1-enyl-palmitoyl)-2-palmitoyl-GPC (P-16:0/16:0)*,11146967,,,HMDB11206
1-(1-enyl-palmitoyl)-GPC (P-16:0)*,10917802,,,HMDB10407
1-(1-enyl-palmitoyl)-GPE (P-16:0)*,,,,
1-(1-enyl-stearoyl)-2-arachidonoyl-GPE (P-18:0/20:4)*,9547058,,,HMDB05779
1-(1-enyl-stearoyl)-2-linoleoyl-GPE (P-18:0/18:2)*,,,,HMDB11376
1-(1-enyl-stearoyl)-GPE (P-18:0)*,,,,
1-arachidonoyl-GPA (20:4),,799268-65-8,,
1-arachidonoyl-GPC* (20:4)*,,,C05208,HMDB10395
1-arachidonoyl-GPE (20:4n6)*,42607465,,,HMDB11517
1-arachidonoyl-GPI* (20:4)*,,,,HMDB61690
1-arachidonylglycerol (20:4),5282281,35474-99-8,C13857,HMDB11549
1-carboxyethylisoleucine,,,,
1-carboxyethylleucine,,,,
1-carboxyethylphenylalanine,,,,
1-carboxyethyltyrosine,,,,
1-carboxyethylvaline,,,,
1-dihomo-linolenylglycerol (20:3),,,,
1-docosahexaenoylglycerol (22:6),,,,HMDB11587
1-lignoceroyl-GPC (24:0),,325171-59-3,,HMDB10405
1-linolenoyl-GPC (18:3)*,,,,HMDB10388
1-linolenoylglycerol (18:3),53480978,124151-74-2,,HMDB11569
1-linoleoyl-2-arachidonoyl-GPC (18:2/20:4n6)*,,,,HMDB08147
1-linoleoyl-2-linolenoyl-GPC (18:2/18:3)*,,,,HMDB08141
1-linoleoyl-GPA (18:2)*,,,,HMDB07856
1-linoleoyl-GPC (18:2),11988421,,C04100,HMDB10386
1-linoleoyl-GPE (18:2)*,52925130,,,HMDB11507
1-linoleoyl-GPG (18:2)*,,,,
1-linoleoyl-GPI* (18:2)*,,,,
1-linoleoylglycerol (18:2),5283469,2277-28-3,,
1-methyl-4-imidazoleacetate,75810,2625-49-2,C05828,HMDB02820
1-methyl-5-imidazoleacetate,6451814,4200-48-0,,HMDB04988
1-methylhistidine,92105,332-80-9,C01152,HMDB00001
1-methylnicotinamide,457,1005-24-9,C02918,HMDB00699
1-methylurate,69726,708-79-2,C16359,HMDB03099
1-methylxanthine,80220,6136-37-4,C16358,HMDB10738
1-myristoyl-2-arachidonoyl-GPC (14:0/20:4)*,,,,HMDB07883
1-myristoyl-2-palmitoyl-GPC (14:0/16:0),129657,69525-80-0,,HMDB07869
1-myristoylglycerol (14:0),79050,75685-84-6,C01885,HMDB11561
1-oleoyl-2-docosahexaenoyl-GPC (18:1/22:6)*,,,,HMDB08123
1-oleoyl-2-linoleoyl-GPE (18:1/18:2)*,9546753,,,HMDB05349
1-oleoylglycerophosphate (18:1),5497152,325465-93-8,,
1-oleoyl-GPC (18:1),16081932,19420-56-5,,HMDB02815
1-oleoyl-GPE (18:1),9547071,89576-29-4,,HMDB11506
1-oleoyl-GPG (18:1)*,,,,
1-oleoyl-GPI (18:1),,,,
1-oleoylglycerol (18:1),5283468,111-03-5,,HMDB11567
1-palmitoleoyl-GPC* (16:1)*,24779461,,,HMDB10383
1-palmitoleoylglycerol (16:1)*,,,,
1-palmitoyl-2-arachidonoyl-GPC (16:0/20:4n6),10747814,35418-58-7,,HMDB07982
1-palmitoyl-2-arachidonoyl-GPE (16:0/20:4)*,9546800,,,HMDB05323
1-palmitoyl-2-arachidonoyl-GPI (16:0/20:4)*,,,,HMDB09789
1-palmitoyl-2-docosahexaenoyl-GPC (16:0/22:6),6441886,59403-54-2,,HMDB07991
1-palmitoyl-2-docosahexaenoyl-GPE (16:0/22:6)*,9546799,,,HMDB05324
1-palmitoyl-2-linoleoyl-GPC (16:0/18:2),5287971,40811-94-7,,HMDB07973
1-palmitoyl-2-linoleoyl-GPE (16:0/18:2),9546747,,,HMDB05322
1-palmitoyl-2-linoleoyl-GPI (16:0/18:2),,,,HMDB09784
1-palmitoyl-2-oleoyl-GPC (16:0/18:1),6436017,26853-31-6;26853-31-6,,HMDB07972
1-palmitoyl-2-oleoyl-GPE (16:0/18:1),5283496,26662-94-2,,HMDB05320
1-palmitoyl-2-oleoyl-GPI (16:0/18:1)*,,,,HMDB09783
1-palmitoyl-2-palmitoleoyl-GPC (16:0/16:1)*,,,,
1-palmitoyl-2-stearoyl-GPC (16:0/18:0),,59403-51-9,,HMDB07970
1-palmitoyl-GPA (16:0),6419701,17618-08-5,C04036,HMDB00327
1-palmitoyl-GPC (16:0),86554,17364-16-8,,HMDB10382
1-palmitoyl-GPE (16:0),9547069,53862-35-4,,HMDB11503
1-palmitoyl-GPG (16:0)*,3300276,,,
1-palmitoyl-GPI* (16:0),,,,HMDB61695
1-palmitoylglycerol (16:0),14900,542-44-9,,HMDB31074
1-ribosyl-imidazoleacetate*,5117448,29605-99-0,C05131,HMDB02331
1-stearoyl-2-arachidonoyl-GPC (18:0/20:4),16219824,35418-59-8,,HMDB08048
1-stearoyl-2-arachidonoyl-GPE (18:0/20:4),5289133,,,HMDB09003
1-stearoyl-2-arachidonoyl-GPI (18:0/20:4),,383907-33-3,,HMDB09815
1-stearoyl-2-arachidonoyl-GPS (18:0/20:4),,,,HMDB12383
1-stearoyl-2-docosahexaenoyl-GPC (18:0/22:6),,59403-52-0,,HMDB08057
1-stearoyl-2-docosahexaenoyl-GPE (18:0/22:6)*,9546798,,,HMDB05334
1-stearoyl-2-linoleoyl-GPC (18:0/18:2)*,,,,
1-stearoyl-2-linoleoyl-GPE (18:0/18:2)*,9546749,,,HMDB08994
1-stearoyl-2-linoleoyl-GPI (18:0/18:2),,,,HMDB09809
1-stearoyl-2-oleoyl-GPC (18:0/18:1),,56421-10-4,,HMDB08038
1-stearoyl-2-oleoyl-GPE (18:0/18:1),,,,HMDB08993
1-stearoyl-GPC (18:0),497299,19420-57-6,,HMDB10384
1-stearoyl-GPE (18:0),9547068,69747-55-3,,HMDB11130
1-stearoyl-GPG (18:0),,,,
1-stearoyl-GPI (18:0),,796963-93-4,,HMDB61696
1-stearoyl-GPS (18:0)*,9547101,,,
10-heptadecenoate (17:1n7),5312435,29743-97-3,,HMDB60038
10-hydroxystearate,9561835,,,HMDB37396
10-nonadecenoate (19:1n9),5312513,73033-09-7,,HMDB13622
10-undecenoate (11:1n1),14891,1333-28-4,C13910,HMDB33724
11beta-hydroxyandrosterone glucuronide,,,,
12-HETE,5312983,71030-37-0;73837-14-6,,HMDB06111
12-HHTrE,5283141,54397-84-1,C20388,HMDB12535
13-HODE + 9-HODE,,,,
15-HETE,5280724,54845-95-3,C04742,HMDB02110
16-hydroxypalmitate,10466,506-13-8,C18218,HMDB06294
16a-hydroxy DHEA 3-sulfate,,,,
17alpha-hydroxypregnenolone 3-sulfate,152971,28901-70-4,,HMDB00416
"19,20-DiHDPA",16061148,,,HMDB10214
1H-indole-7-acetic acid,,39689-63-9,,
2'-deoxyuridine,13712,951-78-0,C00526,HMDB00012
2'-O-methylcytidine,150971,2140-72-9,,
2'-O-methyluridine,102212,2140-76-3,,
"2,2'-Methylenebis(6-tert-butyl-p-cresol)",8398,119-47-1,,
"2,3-dihydroxy-5-methylthio-4-pentenoate (DMTPA)*",,,,
"2,3-dihydroxyisovalerate",677,1756-18-9,C04039,HMDB12141
"2,3-diphosphoglycerate",186004,102783-53-9,C01159,HMDB01294
"2,4-di-tert-butylphenol",,96-76-4,,
"2,6-dihydroxybenzoic acid",9338,303-07-1,,HMDB13676
2-acetamidophenol sulfate,181671,40712-60-5,,
2-aminoadipate,469,542-32-5;1118-90-7,C00956,HMDB00510
2-aminobutyrate,439691,1492-24-6,C02261,HMDB00650
2-aminoheptanoate,227939,1115-90-8,,
2-aminooctanoate,69522,644-90-6,,HMDB00991
2-aminophenol sulfate,181670,,,HMDB61116
2-arachidonoylglycerol (20:4),5282280,53847-30-6,C13856,HMDB04666
2-butenoylglycine,6303498,71428-89-2,,
2-ethylphenylsulfate,,,,
2-hydroxy-3-methylvalerate,164623,488-15-3,,HMDB00317
2-hydroxy-4-(methylthio)butanoic acid,,583-91-5,,
2-hydroxyacetaminophen sulfate*,86290013,,,
2-hydroxyarachidate*,5225199,,,
2-hydroxybehenate,193484,,,
2-hydroxybutyrate/2-hydroxyisobutyrate,,,,
2-hydroxydecanoate,21488,5393-81-7,,
2-hydroxyfluorene sulfate,,,,
2-hydroxyglutarate,43,40951-21-1,C02630,HMDB0059655
2-hydroxyheptanoate*,2750949,,,
2-hydroxyhippurate (salicylurate),10253,487-54-7,C07588,HMDB00840
2-hydroxyibuprofen,10443535,51146-55-5,,HMDB60920
2-hydroxylaurate,97783,2984-55-6,,
2-hydroxynervonate*,5312783,,,
2-hydroxyoctanoate,94180,617-73-2,,HMDB02264
2-hydroxypalmitate,92836,764-67-0,,HMDB31057
2-hydroxyphenylacetate,11970,614-75-5,C05852,HMDB00669
2-hydroxysebacate,128458,103963-71-9,,HMDB00424
2-hydroxystearate,69417,629-22-1,C03045,
2-ketocaprylate,67600,328-51-8,,HMDB13211
2-linoleoylglycerol (18:2),5365676,3443-82-1,,HMDB11538
2-methoxyacetaminophen glucuronide*,14367271,,,
2-methoxyacetaminophen sulfate*,86290014,,,
2-methoxyhydroquinone sulfate (1),,,,
2-methoxyhydroquinone sulfate (2),,,,
2-methoxyresorcinol sulfate,,1446269-78-8,,
2-methylbutyrylcarnitine (C5),6426901,31023-25-3,,HMDB00378
2-methylcitrate/homocitrate,,,,
2-methylmalonylcarnitine (C4-DC),53481628,149181-64-6,,HMDB13133
2-methylserine,94309,,C02115,
2-naphthol sulfate,74428,,,
2-O-methylascorbic acid,99779,17860-87-6,,
2-oleoylglycerol (18:1),5319879,3443-84-3,,HMDB11537
2-oxindole-3-acetate,3080590,2971-31-5,,HMDB35514
2-oxoarginine*,558,10/4/15,C03771,HMDB04225
2-palmitoleoylglycerol (16:1)*,,,,
2-palmitoyl-GPC* (16:0)*,15061532,,,HMDB61702
2-palmitoylglycerol (16:0),123409,23470-00-0,,HMDB11533
2-piperidinone,12665,675-20-7,,HMDB11749
2-propyl-2-pentenoate (2-ene-valproate),6437068,60218-41-9,C16653,HMDB13902
2-propyl-4-pentenoate (4-ene-valproate),104896,1575-72-0,,
2-stearoyl-GPE (18:0)*,,,,HMDB11129
21-hydroxypregnenolone disulfate,134595,1164-98-3,,
21-hydroxypregnenolone monosulfate (2),10670474,,,
"2R,3R-dihydroxybutyrate",13120901,759-06-8,,HMDB00498
"2S,3R-dihydroxybutyrate",10964471,5057-93-2,,HMDB02453
"3,4-dihydroxybutyrate",,51267-44-8,,
"3,5-dichloro-2,6-dihydroxybenzoic acid",,,,
"3,7-dimethylurate",83126,13087-49-5,C16360,HMDB01982
3-(3-amino-3-carboxypropyl)uridine*,171198,52745-94-5,,
3-(3-hydroxyphenyl)propionate,91,621-54-5,C11457,HMDB00375
3-(4-hydroxyphenyl)lactate (HPLA),9378,6482-98-0,C03672,HMDB00755
3-(4-hydroxyphenyl)propionate,10394,501-97-3,C01744,HMDB02199
3-(methylthio)acetaminophen sulfate*,,,,
3-(N-acetyl-L-cystein-S-yl) acetaminophen,83967,52372-86-8,,
3-amino-2-piperidone,5200225,1892-22-4,,HMDB00323
3-aminoisobutyrate,64956,10569-72-9;214139-20-5,C05145,HMDB03911
"3-bromo-5-chloro-2,6-dihydroxybenzoic acid*",,,,
3-carboxy-4-methyl-5-pentyl-2-furanpropionate (3-CMPFP),194501,,,
3-carboxy-4-methyl-5-propyl-2-furanpropanoate (CMPF),123979,86879-39-2,,HMDB61112
3-ethylphenylsulfate,,,C14386,HMDB62721
3-formylindole,10256,487-89-8,C08493,HMDB29737
3-hydroxy-2-ethylpropionate,188979,4374-62-3,,HMDB00396
3-hydroxy-2-methylpyridine sulfate,,,,
3-hydroxy-3-methylglutarate,1662,503-49-1,C03761,HMDB00355
3-hydroxyadipate*,151913,,,HMDB00345
3-hydroxybutyrate (BHBA),441,625-72-9,C01089,HMDB00357
3-hydroxybutyroylglycine,,,,
3-hydroxydecanoate,26612,5561-87-5,,HMDB02203
3-hydroxydecanoylcarnitine,,,,HMDB61636
3-hydroxydodecanedioate*,16663321,34574-69-1,,HMDB00413
3-hydroxyhexanoate,151492,10191-24-9,,
3-hydroxyhexanoylcarnitine (1),,,,
3-hydroxyhippurate,450268,1637-75-8,,HMDB06116
3-hydroxyisobutyrate,87,2068-83-9,C06001,HMDB00336
3-hydroxykynurenine,89,2147-61-7,C02794,HMDB00732
3-hydroxylaurate,94216,53941-38-1,,HMDB00387
3-hydroxymyristate,16064,3422-31-9,,
3-hydroxyoctanoate,26613,88930-08-9,,HMDB01954
3-hydroxyoctanoylcarnitine (1),,,,
3-hydroxyoctanoylcarnitine (2),,,,
3-hydroxyoleoylcarnitine,,,,
3-hydroxypalmitoylcarnitine,,,,
3-hydroxypyridine sulfate,,1955-23-3,,
3-hydroxysebacate,3017884,73141-46-5,,HMDB00350
3-hydroxystachydrine*,442640,,,
3-hydroxystearate,5282907,45261-96-9,,
3-hydroxysuberate,22328017,73141-47-6,,HMDB00325
3-hydroxyvalproate,134459,58888-84-9,C16651,HMDB13899
3-indoleglyoxylic acid,73863,1477-49-2,,
3-indoxyl sulfate,10258,2642-37-7,,HMDB00682
3-methoxycatechol sulfate (1),,,,
3-methoxytyramine sulfate,,,,
3-methoxytyrosine,1670,300-48-1,,HMDB01434
3-methyl catechol sulfate (1),,,,
3-methyl-2-oxobutyrate,49,3715-29-5,C00141,HMDB00019
3-methyl-2-oxovalerate,47,1460-34-0;51829-07-3,C00671,HMDB03736
3-methylcrotonylglycine,169485,33008-07-0,,HMDB00459
3-methylcytidine,159649,21028-20-6,,
3-methylglutaconate,1551553,5746-90-7,,HMDB00522
3-methylglutarylcarnitine (2),128145,,,HMDB00552
3-methylhistidine,64969,368-16-1,C01152,HMDB00479
3-methylxanthine,70639,1076-22-8,C16357,HMDB01886
3-phenylpropionate (hydrocinnamate),107,501-52-0,C05629,HMDB00764
3-phosphoglycerate,724,80731-10-8,C00597,HMDB00807
3-sulfo-L-alanine,72886,498-40-8,C00506,HMDB02757
3-ureidoisobutyrate,160663,2905-86-4,C05100,HMDB02031
3-ureidopropionate,111,462-88-4,C02642,HMDB00026
3b-hydroxy-5-cholenoic acid,92997,5255-17-4,,HMDB00308
"3beta,7alpha-dihydroxy-5-cholestenoate",3081084,115538-84-6,C17335,
3beta-hydroxy-5-cholestenoate,165511,6561-58-6,C17333,
4-acetamidobutanoate,18189,3025-96-5,C02946,HMDB03681
4-acetamidophenol,1983,103-90-2,C06804,HMDB01859
4-acetamidophenylglucuronide,83944,120595-80-4,,HMDB10316
4-acetaminophen sulfate,83939,10066-90-7;32113-41-0,C06804,HMDB59911
4-acetylphenyl sulfate,4684006,,,
4-allylcatechol sulfate,,,,
4-allylphenol sulfate,,,,
4-cholesten-3-one,91477,601-57-0,C00599,HMDB00921
4-ethylcatechol sulfate,,,,
4-ethylphenyl sulfate,20822574,123-07-9,C13637,HMDB62551
4-guanidinobutanoate,500,463-003;463-00-3,C01035,HMDB03464
4-hydroxychlorothalonil,34217,28343-61-5,,
4-hydroxycoumarin,54682930,1076-38-6,C20414,
4-hydroxyglutamate,439902,2485-33-8,C03079,HMDB01344
4-hydroxyhippurate,151012,2482-25-9,,HMDB13678
4-hydroxynonenal,1693,75899-68-2;128946-65-6,,HMDB04362
4-hydroxyphenylacetate,127,156-38-7,C00642,HMDB00020
4-hydroxyphenylacetatoylcarnitine,,,,
4-hydroxyphenylacetylglutamine,,,,
4-hydroxyphenylpyruvate,979,156-39-8,C01179,HMDB00707
4-imidazoleacetate,96215,645-65-8,C02835,HMDB02024
4-methoxyphenol sulfate,,3233-60-1,,
4-methyl-2-oxopentanoate,70,816-66-0,C00233,HMDB00695
4-methylcatechol sulfate,,,,
4-methylguaiacol sulfate,,756760-43-7,,
4-vinylguaiacol sulfate,,,,
4-vinylphenol sulfate,6426766,2628-17-3,C05627,HMDB62775
"5,6-dihydrothymine",93556,696-04-8,C00906,HMDB00079
"5,6-dihydrouracil",649,504-07-4,C00429,HMDB00076
"5,6-dihydrouridine",94312,5/4/27,,
5-(galactosylhydroxy)-L-lysine,123986,32448-36-5,,
5-acetylamino-6-amino-3-methyluracil,88299,1196153-01-1,C16366,HMDB04400
5-acetylamino-6-formylamino-3-methyluracil,108214,85438-96-6,C16365,HMDB11105
5-dodecenoate (12:1n7),5312378,2430-94-6,,HMDB00529
5-dodecenoylcarnitine (C12:1),,,,HMDB13326
5-HEPE,6439678,83952-40-3,,HMDB05081
5-HETE,5280733,73307-52-5,C04805,HMDB11134
5-hydroxyhexanoate,170748,44843-89-2,,HMDB00525
5-hydroxyindole glucuronide,,,,
5-hydroxyindole sulfate,,,,
5-hydroxylysine,1029,13204-98-3,C16741,HMDB00450
5-hydroxymethyl-2-furoic acid,80642,6338-41-6,C20448,HMDB02432
5-hydroxyvalproate,135244,53660-23-4,C16650,HMDB13898
5-methylthioadenosine (MTA),439176,2457-80-9,C00170,HMDB01173
5-methylthioribose,494,23656-67-9,,HMDB01087
5-methyluridine (ribothymidine),445408,1463-10-1,,HMDB00884
5-oxoproline,7405,98-79-3,C01879,HMDB00267
"5alpha-androstan-3alpha,17alpha-diol monosulfate",,,,
"5alpha-androstan-3alpha,17beta-diol disulfate",,,,
"5alpha-androstan-3alpha,17beta-diol monosulfate (1)",,,,
"5alpha-androstan-3alpha,17beta-diol monosulfate (2)",,,,
"5alpha-androstan-3beta,17alpha-diol disulfate",,,,
"5alpha-androstan-3beta,17beta-diol disulfate",242332,571-20-0,C12525,HMDB00493
"5alpha-androstan-3beta,17beta-diol monosulfate (2)",,,,
"5alpha-pregnan-3beta,20alpha-diol disulfate",,,,
"5alpha-pregnan-3beta,20alpha-diol monosulfate (2)",,,,
"5alpha-pregnan-3beta,20beta-diol monosulfate (1)",,,,
5alpha-pregnan-diol disulfate,5127902,,,
6-bromotryptophan,,,,
6-hydroxyindole sulfate,122198196,,,
6-oxopiperidine-2-carboxylate,3014237,34622-39-4,,HMDB61705
7-HOCA,3081085,115538-85-7,C17337,HMDB12458
7-hydroxycholesterol (alpha or beta),107722,,,HMDB06119
7-hydroxyindole sulfate,,,,
7-methylguanine,11361,578-76-7,C02242,HMDB00897
7-methylurate,69160,612-37-3,C16355,HMDB11107
7-methylxanthine,68374,552-62-5,C16353,HMDB01991
8-hydroxyoctanoate,69820,764-89-6,,HMDB61914
8-methoxykynurenate,76230,2929-14-8,C05830,HMDB60426
9-hydroxystearate,9570127,25498-28-6,,HMDB61661
acesulfame,36573,55589-62-3,,HMDB33585
acetoacetate,96,11/2/83,C00164,HMDB00060
acetylcarnitine (C2),1,5080-50-2,C02571,HMDB00201
acisoga,129397,106692-36-8,,
aconitate [cis or trans],,,,
"adenosine 3',5'-cyclic monophosphate (cAMP)",6076,60-92-4,C00575,HMDB00058
AMP,6083,149022-20-8,C00020,HMDB00045
adipoylcarnitine (C6-DC),71296139,,,HMDB61677
adrenate (22:4n6),5497181,2091-25-0,C16527,HMDB02226
adrenoylcarnitine (C22:4)*,,,,
alanine,5950,56-41-7,C00041,HMDB00161
allantoin,204,97-59-6,C02350,HMDB00462
alliin,87310,556-27-4,C08265,HMDB33592
alpha-CEHC sulfate,,,,
alpha-hydroxycaproate,99824,6064-63-7,,HMDB01624
alpha-hydroxyisocaproate,83697,10303-64-7,C03264,HMDB00746
alpha-hydroxyisovalerate,99823,600-37-3,,HMDB00407
alpha-ketobutyrate,58,600-18-0,C00109,HMDB00005
alpha-ketoglutaramate*,48,18465-19-5,,
alpha-ketoglutarate,51,305-72-6;328-50-7;22202-68-2,C00026,HMDB00208
alpha-tocopherol,14985,59-02-9;10191-41-0,C02477,HMDB01893
ampicillin,2174;5244176,69-53-4,,
andro steroid monosulfate C19H28O6S (1)*,,,,
"androstenediol (3alpha, 17alpha) monosulfate (2)",,,,
"androstenediol (3alpha, 17alpha) monosulfate (3)",,,,
"androstenediol (3beta,17beta) disulfate (1)",87120982,,C04295,HMDB03818
"androstenediol (3beta,17beta) disulfate (2)",,,,
"androstenediol (3beta,17beta) monosulfate (1)",13847309,521-17-5,,HMDB03818
"androstenediol (3beta,17beta) monosulfate (2)",,,,
androsterone glucuronide,114833,1852-43-3,C11135,HMDB02829
androsterone sulfate,159663,2479-86-9,,HMDB02759
anthranilate,227,118-92-3,C00108,HMDB01123
arabinose,66308,28697-53-2,C00216,HMDB00646
arabitol/xylitol,,,,
arachidate (20:0),10467,506-30-9,C06425,HMDB02212
arachidonate (20:4n6),444899,506-32-1,C00219,HMDB01043
arachidonoylcarnitine (C20:4),,,,
arachidonoylcholine,,,,
arachidoylcarnitine (C20)*,,,,HMDB06460
argininate*,160437,157-07-3,,HMDB03148
arginine,232,1119-34-2,C00062,HMDB00517
ascorbic acid 2-sulfate,86484,,,
ascorbic acid 3-sulfate*,11425365,,,
asparagine,6267,70-47-3,C00152,HMDB00168
aspartate,5960,56-84-8,C00049,HMDB00191
azelaoyltaurine,,,,
azelate (C9-DC),2266,123-99-9,C08261,HMDB00784
behenoyl dihydrosphingomyelin (d18:0/22:0)*,,,,HMDB12091
behenoyl sphingomyelin (d18:1/22:0)*,,,,HMDB12103
behenoylcarnitine (C22)*,,,,
benzoate,243,65-85-0,C00180,HMDB01870
beta-alanine,239,56-41-7;107-95-9,C00099,HMDB00056
beta-citrylglutamate,72715786,73590-26-8,C20775,
beta-cryptoxanthin,6384256,472-70-8,,HMDB33844
beta-hydroxyisovalerate,69362,625-08-1,,HMDB00754
beta-hydroxyisovaleroylcarnitine,,99159-87-2,,
betaine,247,107-43-7,C00719,HMDB00043
betonicine,164642,515-25-3,C08269,HMDB29412
"bilirubin (E,E)*",5315454,,,
"bilirubin (E,Z or Z,E)*",5799469,,,HMDB00488
bilirubin,5280352,635-65-4,C00486,HMDB00054
biliverdin,5353439,55482-27-4;55482-27-4,C00500,HMDB01008
"bradykinin, des-arg(9)",105044,15958-92-6,C00306,HMDB04246
branched chain 14:0 dicarboxylic acid,,,,
"branched-chain, straight-chain, or cyclopropyl 10:1 fatty acid (1)*",,,,
"branched-chain, straight-chain, or cyclopropyl 12:1 fatty acid*",,,,
butyrate/isobutyrate (4:0),264,109-92-6,C00246,HMDB00039
butyrylcarnitine (C4),439829,25576-40-3,C02862,HMDB02013
C-glycosyltryptophan,10981970,180509-18-6,,
caffeic acid sulfate,,,,HMDB41708
caffeine,2519,58-08-2,C07481,HMDB01847
caprate (10:0),2969,334-48-5,C01571,HMDB00511
caproate (6:0),8892,142-62-1,C01585,HMDB00535
caprylate (8:0),379,124-07-2,C06423,HMDB00482
carboxyibuprofen,10444113,15935-54-3,,HMDB60564
carboxyibuprofen glucuronide*,,,,HMDB60564
carnitine,10917,461-05-2,C00318,HMDB00062
carnitine of C10H14O2 (5)*,,,,
carnosine,439224,305-84-0,C00386,HMDB00033
carotene diol (1),,,,
carotene diol (2),,,,
carotene diol (3),,,,
catechol sulfate,3083879,4918-96-1,,HMDB59724
"ceramide (d16:1/24:1, d18:1/22:1)*",,,,
"ceramide (d18:1/14:0, d16:1/16:0)*",,,,
"ceramide (d18:1/20:0, d16:1/22:0, d20:1/18:0)*",,,,
"ceramide (d18:2/24:1, d18:1/24:2)*",,,,
cerotoylcarnitine (C26)*,,,,HMDB06347
cetirizine,2678,83881-51-0,C07778,HMDB05032
chenodeoxycholate,10133,474-24-9;474-25-9,C02528,HMDB00518
chenodeoxycholic acid sulfate (1),,,,
chiro-inositol,,643-12-9,C19891,HMDB34220
cholate,221493,81-25-4,C00695,HMDB00619
cholesterol,11025495,57-88-5,C00187,HMDB00067
choline,305,67-48-1,C00114,HMDB00097
phosphocholine,1014,72556-74-2,C00588,HMDB01565
cinnamoylglycine,709625,16534-24-0,,HMDB11621
ciprofloxacin,4011971;2764,85721-33-1,C05349,
"cis-3,4-methyleneheptanoate",,,,
"cis-3,4-methyleneheptanoylcarnitine",,,,
"cis-3,4-methyleneheptanoylglycine",,,,
cis-4-decenoate (10:1n6)*,5312351,505-90-8,,
cis-4-decenoylcarnitine (C10:1),,98930-66-6,,
citraconate/glutaconate,,,,
citramalate,1081,10/8/36,C00815,HMDB00426
citrate,311,77-92-9,C00158,HMDB00094
citrulline,9750,372-75-8,C00327,HMDB00904
corticosterone,5753,50-22-6,C02140,HMDB01547
cortisol,5754,50-23-7,C00735,HMDB00063
cortisone,222786,53-06-5,C00762,HMDB02802
cortolone glucuronide (1),,,,
cotinine,854019,486-56-6,,HMDB01046
creatine,586,57-00-1,C00300,HMDB00064
creatinine,588,60-27-5,C00791,HMDB00562
"cys-gly, oxidized",333293,7729-20-6,,
cystathionine,439258,535-34-2,C02291,HMDB00099
cysteine,5862,52-90-4;56-89-3,C00097,HMDB00574
cysteine s-sulfate,115015,1637-71-4,C05824,HMDB00731
cysteine sulfinic acid,109,207121-48-0,C00606,HMDB00996
cysteine-glutathione disulfide,4247235,13081-14-6,,HMDB00656
cysteinylglycine,439498,19246-18-5,C01419,HMDB00078
cysteinylglycine disulfide*,,70555-24-7,,HMDB00709
cystine,67678,56-89-3,C00491,HMDB00192
cytidine,6175,65-46-3,C00475,HMDB00089
cytosine,597,71-30-7,C00380,HMDB00630
daidzein sulfate (2),,,,
De(carboxymethoxy) cetirizine acetic acid,,942193-17-1,,
decadienedioic acid (C10:2-DC),,,,
decanoylcarnitine (C10),10245190,1492-27-9,,HMDB00651
dehydroepiandrosterone sulfate (DHEA-S),12594,651-48-9,C04555,HMDB01032
delta-CEHC,11536125,84599-16-6,,
delta-CEHC glucuronide,,,,
deoxycarnitine,134,6249-56-5,C01181,HMDB01161
deoxycholic acid 12-sulfate*,,,,
deoxycholic acid glucuronide,,,,
desmethylnaproxen sulfate,184679,,,
dexamethasone,5743,50-02-2,D00292,HMDB15364
dihomolinoleate (20:2n6),6439848,2091-39-6,C16525,HMDB05060
dihomolinolenate (20:3n3 or 3n6),5280581,17046-59-2,C03242,HMDB02925
dihomo-linolenoyl-choline,,,,
dihomo-linolenoylcarnitine (C20:3n3 or 6)*,,,,
dihomo-linoleoylcarnitine (C20:2)*,,,,
dihydrocaffeate sulfate (2),,,,
dihydroferulate,14340,1135-23-5,,
dihydroferulic acid sulfate,187489,,,HMDB41724
dihydroorotate,648,155-54-4,C00337,HMDB03349
dimethyl sulfone,6213,67-71-0,C11142,HMDB04983
dimethylarginine (ADMA + SDMA),123831,102783-24-4,C03626,HMDB01539
dimethylglycine,673,1118-68-9,C01026,HMDB00092
diphenhydramine,3100,147-24-0,C06960,HMDB01927
docosadienoate (22:2n6),5282807,7370-49-2,C16533,HMDB61714
docosadioate (C22-DC),244872,505-56-6,C19625,
docosahexaenoate (DHA; 22:6n3),445580,6217-54-5,C06429,HMDB02183
docosahexaenoylcarnitine (C22:6)*,,,,
docosahexaenoylcholine,,,,
docosapentaenoate (DPA; 22:5n3),6441454,2234-74-4,C16513,HMDB06528
docosapentaenoate (n6 DPA; 22:5n6),6441454,25182-74-5,C16513,HMDB01976
docosapentaenoylcarnitine (C22:5n3)*,,,,
docosatrienoate (22:3n3),5312556,59708-86-0,C16534,HMDB02823
docosatrienoate (22:3n6)*,,,,
dodecadienoate (12:2)*,,,,
dodecanedioate (C12),12736,693-23-2,C02678,HMDB00623
dodecenedioate (C12:1-DC)*,,,,
dopamine 3-O-sulfate,122136,,C13690,HMDB06275
dopamine 4-sulfate,123932,,C13691,HMDB04148
ectoine,126041,96702-03-3,C06231,
EDTA,6049,60-00-4,C00284,HMDB15109
eicosanedioate (C20-DC),75502,2424-92-2,,
eicosapentaenoate (EPA; 20:5n3),446284,10-2005-9;10417-94-4,C06428,HMDB01999
eicosapentaenoylcholine,,,,
eicosenamide (20:1)*,5365374,,,
eicosenoate (20:1n9 or 1n11),5282768,,C16526,HMDB02231
eicosenoylcarnitine (C20:1)*,,,,
epiandrosterone sulfate,9929317,22229-22-7,,
ergothioneine,3032311,58511-63-0,C05570,HMDB03045
erucate (22:1n9),5281116,112-86-7,C08316,HMDB02068
erythritol,222285,149-32-6,C00503,HMDB02994
erythronate*,2781043,88759-55-1,,HMDB00613
ethyl alpha-glucopyranoside,428040,34625-23-5,,
ethyl beta-glucopyranoside,121667,,,
ethyl maltol sulfate,,,,
ethylmalonate,11756,601-75-2,,HMDB00622
eugenol sulfate,180632,95480-60-7,,
ferulic acid 4-sulfate,6305574,86321-29-1,,HMDB29200
Fibrinopeptide A (3-16),,,,
DSGEGDFXAEGGGVR*,,,,
ADpSGEGDFXAEGGGVR*,,886023-52-5,,
Fibrinopeptide B (1-11),,,,
Fibrinopeptide B (1-12),,,,
Fibrinopeptide B (1-13),,,,
Fibrinopeptide B (1-9),,,,
FAD,643975,146-14-5;84366-81-4,C00016,HMDB01248
fluconazole,3365,86386-73-4,D00322,HMDB14342
fluoxetine,3386,59333-67-4,D00326,
formiminoglutamate,439233,816-90-0,C00439,HMDB00854
fructose,5984,57-48-7,C00095,HMDB00660
fructosyllysine,123708,21291-40-7,,
fumarate,444972,100-17-8,C00122,HMDB00134
gabapentin,3446,60142-96-3,D00332,HMDB05015
galactitol (dulcitol),11850,608-66-2,C01697,HMDB00107
galactonate,128869,299-28-5,C00880,HMDB00565
gamma-CEHC,133098,178167-75-4,,HMDB01931
gamma-CEHC glucuronide*,,,,
gamma-CEHC sulfate,,,,
gamma-glutamyl-2-aminobutyrate,,16869-42-4,,
gamma-glutamyl-alpha-lysine,65254,,,
gamma-glutamyl-epsilon-lysine,7015685,17105-15-6,,HMDB03869
gamma-glutamylalanine,440103,5875-41-2,,HMDB29142
gamma-glutamylcitrulline*,,,,
gamma-glutamylglutamate,92865,1116-22-9,C05282,HMDB11737
gamma-glutamylglutamine,150914,10148-81-9,C05283,HMDB11738
gamma-glutamylglycine,165527,1948-29-4,,HMDB11667
gamma-glutamylhistidine,7017195,37460-15-4,,
gamma-glutamylisoleucine*,14253342,,,HMDB11170
gamma-glutamylleucine,151023,2566-39-4,,HMDB11171
gamma-glutamylmethionine,7009567,17663-87-5,,HMDB29155
gamma-glutamylphenylalanine,111299,7432-24-8,,HMDB00594
gamma-glutamylthreonine,76078708,5652-48-2,,HMDB29159
gamma-glutamyltryptophan,3989307,66471-20-3,,HMDB29160
gamma-glutamyltyrosine,94340,7432-23-7,,HMDB11741
gamma-glutamylvaline,7015683,2746-34-1,,HMDB11172
gamma-tocopherol/beta-tocopherol,,,,
genistein sulfate*,,,,
gentisate,3469,490-79-9,C00628,HMDB00152
ginkgolic acid C15:1,5281858,22910-60-7,C10794,
GlcNAc sulfate conjugate of C21H34O2 steroid,,,,
glucose,5793,50-99-7,C00031,HMDB00122
glucuronate,444791,207300-70-7,C00191,HMDB00127
glucuronide of C10H18O2 (1)*,,,,
glucuronide of C10H18O2 (7)*,,,,
glucuronide of C10H18O2 (8)*,,,,
glucuronide of C12H22O4 (1)*,,,,
glucuronide of C14H26O4 (1)*,,,,
glucuronide of C14H26O4 (2)*,,,,
glucuronide of C8H14O2 (3)*,,,,
glucuronide of piperine metabolite C17H21NO3 (3)*,,,,
glucuronide of piperine metabolite C17H21NO3 (4)*,,,,
glucuronide of piperine metabolite C17H21NO3 (5)*,,,,
glutamate,611,56-86-0,C00025,HMDB00148
glutamine,5961,56-85-9,C00064,HMDB00641
glutamine conjugate of C6H10O2 (1)*,,,,
glutamine conjugate of C6H10O2 (2)*,,,,
glutamine conjugate of C7H12O2*,,,,
glutamine conjugate of C8H12O4 (1)*,,,,
glutarate (C5-DC),743,110-94-1,C00489,HMDB00661
glutarylcarnitine (C5-DC),71464488,102636-82-8,,HMDB13130
"glutathione, oxidized (GSSG)",65359,103239-24-3,C00127,HMDB03337
glycerate,752,600-19-1,C00258,HMDB00139
glycerol,753,56-81-5,C00116,HMDB00131
glycerol 3-phosphate,754,29849-82-9,C00093,HMDB00126
glycerophosphoethanolamine,123874,33049-08-0,C01233,HMDB00114
glycerophosphorylcholine (GPC),71920,28319-77-9,C00670,HMDB00086
glycine,750,56-40-6,C00037,HMDB00123
glycine conjugate of C10H12O2*,,,,
glycine conjugate of C10H14O2 (1)*,,,,
glyco-beta-muricholate,,,,
glycochenodeoxycholate,12544,16564-43-5,C05466,HMDB00637
glycochenodeoxycholate 3-sulfate,,,,
glycochenodeoxycholate glucuronide (1),,,,
glycocholate,10140,475-31-0;863-57-0,C01921,HMDB00138
glycocholenate sulfate*,,,,
glycodeoxycholate,3035026,360-65-6,C05464,HMDB00631
glycohyocholate,,,,
glycolithocholate sulfate*,72222,15324-64-8,C11301,HMDB02639
"glycosyl ceramide (d18:1/20:0, d16:1/22:0)*",,,,
"glycosyl ceramide (d18:2/24:1, d18:1/24:2)*",,,,
glycosyl-N-(2-hydroxynervonoyl)-sphingosine (d18:1/24:1(2OH))*,,,,
glycosyl-N-behenoyl-sphingadienine (d18:2/22:0)*,,,,
glycosyl-N-nervonoyl-sphingosine (d18:1/24:1)*,,,,
glycosyl-N-palmitoyl-sphingosine (d18:1/16:0),,,,
glycosyl-N-stearoyl-sphingosine (d18:1/18:0),,,,
glycoursodeoxycholate,12310288,64480-66-6,,HMDB00708
glycoursodeoxycholic acid sulfate (1),,,,
guaiacol sulfate,22473,,,HMDB60013
guaifenesin,3516,93-14-1,D00337,HMDB04998
guanidinoacetate,763,352-97-6,C00581,HMDB00128
guanidinosuccinate,97856,6133-30-8,C03139,HMDB03157
guanosine,6802,118-00-3,C00387,HMDB00133
gulonate*,152304,20246-53-1,C00257,HMDB03290
heme,26945,14875-96-8,C00032,HMDB03178
HEPES,23831,7365-45-9,,
heptadecenamide (17:1)*,,,,
heptanoate (7:0),8094,111-14-8,C17714,HMDB00666
heptenedioate (C7:1-DC)*,,,,
hexadecadienoate (16:2n6),13932172,28290-73-5,,HMDB00477
hexadecanedioate (C16),10459,505-54-4,C19615,HMDB00672
hexadecenedioate (C16:1-DC)*,,,,
hexanoylcarnitine (C6),6426853,6920-35-0,,HMDB00705
hexanoylglutamine,,,,
hexanoylglycine (C6),99463,24003-67-6,,HMDB00701
hippurate,464,495-69-2,C01586,HMDB00714
histidine,6274,5934-29-2,C00135,HMDB00177
histidine betaine (hercynine)*,3083620,534-30-5,,
histidylalanine,351667,16874-75-2,,HMDB28878
homoarginine,9085,156-86-5,C01924,HMDB00670
homocitrulline,65072,1190-49-4,C02427,HMDB00679
homostachydrine*,441447,1195-94-4,C08283,HMDB33433
homovanillate (HVA),1738,306-08-1,C05582,HMDB00118
HWESASXX*,,,,
HXGXA*,,,,
hydantoin-5-propionate,782,5624-26-0,C05565,HMDB01212
hydroquinone sulfate,161220,123-31-9,C00530,HMDB02434
hydroxy-CMPF*,,,,
"hydroxy-N6,N6,N6-trimethyllysine*",,,,
hydroxyasparagine,97663,,C03124,HMDB32332
hydroxycotinine,10219774,34834-67-8,,HMDB01390
hydroxypalmitoyl sphingomyelin (d18:1/16:0(OH)),,,,
hyocholate,92805,547-75-1,C17649,HMDB00760
hypotaurine,107812,300-84-5,C00519,HMDB00965
hypoxanthine,790,68-94-0,C00262,HMDB00157
I-urobilinogen,26818,14684-37-8,C05790,HMDB04157
ibuprofen,3672,15687-27-1,D00126,HMDB01925
ibuprofen acyl glucuronide,163959,115075-59-7,,
imidazole lactate,793,14403-45-3,C05568,HMDB02320
imidazole propionate,70630,1074-59-5,,HMDB02271
iminodiacetate (IDA),8897,142-73-4,C19911,HMDB11753
indole-3-carboxylate,69867,771-50-6,C19837,HMDB03320
indoleacetate,802,6505-45-9,C00954,HMDB00197
indoleacetoylcarnitine*,,,,
indoleacetylglutamine,25200879,,,HMDB13240
indolelactate,92904,832-97-3,C02043,HMDB00671
indolepropionate,3744,830-96-6,,HMDB02302
inosine,6021,58-63-9,C00294,HMDB00195
inosine 5'-monophosphate (IMP),8582,4691-65-0,C00130,HMDB00175
isobutyrylcarnitine (C4),168379,25518-49-4,,HMDB00736
isobutyrylglycine (C4),10855600,15926-18-8,,HMDB00730
isoeugenol sulfate,,,,
isoleucine,6306,73-32-5,C00407,HMDB00172
isoleucylglycine,342532,868-28-0,,HMDB28907
isoursodeoxycholate,127601,78919-26-3,C17662,HMDB00686
isovalerate (C5),10430,503-74-2,C08262,HMDB00718
isovalerylcarnitine (C5),6426851,31023-24-2,,HMDB00688
kynurenate,3845,492-27-3,C01717,HMDB00715
kynurenine,161166,2922-83-0,C00328,HMDB00684
lactate,612,79-33-4,C00186,HMDB00190
lactose,84571,5965-66-2,C00243,HMDB00186
lactosyl-N-nervonoyl-sphingosine (d18:1/24:1)*,,,,
lactosyl-N-palmitoyl-sphingosine (d18:1/16:0),,4201-62-1,,
lanthionine,98504,8/2/83,,
laurate (12:0),3893,143-07-7,C02679,HMDB00638
laurylcarnitine (C12),10427569,25518-54-1,,HMDB02250
leucine,6106,61-90-5,,
leucylglutamine*,4305457,,,HMDB28927
leucylglycine,79070,686-50-0,,HMDB28929
leukotriene B4,5280492,71160-24-2,C02165,HMDB01085
leukotriene B5,5283125,88763-92-9,,HMDB05073
levulinate (4-oxovalerate),11579,123-76-2,,HMDB00720
levulinoylcarnitine,,,,
lidocaine,3676,137-58-6,D00358,HMDB14426
lignoceroyl sphingomyelin (d18:1/24:0),,60037-60-7,,
lignoceroylcarnitine (C24)*,,,,
linoleamide (18:2n6),6435901,1/7/99,,
linoleate (18:2n6),5280450,60-33-3,C01595,HMDB00673
linolenate (18:3n3 or 3n6),5280934,,C06426,HMDB03073
linolenoylcarnitine (C18:3)*,,,,
linoleoyl ethanolamide,5283446,68171-52-8,,HMDB12252
linoleoyl-arachidonoyl-glycerol (18:2/20:4) [1]*,,,,
linoleoyl-arachidonoyl-glycerol (18:2/20:4) [2]*,,,,
linoleoyl-docosahexaenoyl-glycerol (18:2/22:6) [1]*,,,,
linoleoyl-docosahexaenoyl-glycerol (18:2/22:6) [2]*,,,,
linoleoyl-linolenoyl-glycerol (18:2/18:3) [2]*,,,,
linoleoyl-linoleoyl-glycerol (18:2/18:2) [1]*,,,,
linoleoyl-linoleoyl-glycerol (18:2/18:2) [2]*,,,,
linoleoylcarnitine (C18:2)*,6450015,36816-10-1,,HMDB06469
linoleoylcholine*,,,,
lithocholate sulfate (1),,,,
lysine,5962,56-87-1,C00047,HMDB00182
malate,525,6915-15-7,C00149,HMDB00156
maleate,444266,110-16-7,C01384,HMDB00176
malonylcarnitine,22833583,853728-01-5,,HMDB02095
maltol sulfate,,,,
maltose,10991489,6363-53-7,C00208,HMDB00163
mannitol/sorbitol,5780,,C00794,HMDB00247
mannonate*,3246006,642-99-9,,
mannose,18950,3458-28-4,C00159,HMDB00169
margarate (17:0),10465,506-12-7,,HMDB02259
margaroylcarnitine (C17)*,,106182-29-0,,HMDB06210
mead acid (20:3n9),5312531,20590-32-3,,HMDB10378
metabolonic lactone sulfate,,,,
methionine,6137,63-68-3,C00073,HMDB00696
methionine sulfone,69961,820-10-0,,
methionine sulfoxide,158980,3226-65-1,C02989,HMDB02005
methyl glucopyranoside (alpha + beta),,,,
methyl vanillate sulfate,,,,
methyl-4-hydroxybenzoate sulfate,,,,
methylmalonate (MMA),487,516-05-2,C02170,HMDB00202
methylnaphthyl sulfate (2)*,,,,
methylsuccinate,10349,498-21-5,,HMDB01844
metronidazole,4173,73334-05-1,D00409,HMDB15052
midazolam,4192,59467-70-8,"C07524,D00550",HMDB14821
montelukast,5281040,158966-92-8,"D08229,D00529,C07482",HMDB14614
myo-inositol,892,87-89-8,C00137,HMDB00211
myristate (14:0),11005,544-63-8,C06424,HMDB00806
myristoleate (14:1n5),5281119,544-64-9,C08322,HMDB02000
myristoleoylcarnitine (C14:1)*,90659872,889848-55-9,,
myristoyl dihydrosphingomyelin (d18:0/14:0)*,,,,HMDB12085
myristoylcarnitine (C14),6426854,18822-89-4,,HMDB05066
"N,N,N-trimethyl-5-aminovalerate",14274897,,,
"N,N,N-trimethyl-alanylproline betaine (TMAP)",,,,
"N,N-dimethylalanine",5488191,2812-31-9,,
N-(2-furoyl)glycine,21863,5657-19-2;5657-19-2,,HMDB00439
N-acetyl-1-methylhistidine*,53859791,,,
N-acetyl-2-aminoadipate,443992,,C12986,
N-acetyl-2-aminooctanoate*,95555,,,HMDB59745
N-acetyl-aspartyl-glutamate (NAAG),5255,3106-85-2,C12270,HMDB01067
N-acetyl-beta-alanine,76406,3025-95-4,C01073,
N-acetyl-cadaverine,189087,32343-73-0,,HMDB02284
N-acetyl-isoputreanine,131802901,,,
N-acetylalanine,88064,97-69-8,C02847,HMDB00766
N-acetylalliin,,,,
N-acetylarginine,67427,155-84-0,C02562,HMDB04620
N-acetylasparagine,99715,4033-40-3,,HMDB06028
N-acetylaspartate (NAA),65065,997-55-7;997-55-7,C01042,HMDB00812
N-acetylcarnosine,9903482,56353-15-2,,HMDB12881
N-acetylcitrulline,656979,33965-42-3,C15532,HMDB00856
N-acetylglucosamine/N-acetylgalactosamine,,,,
N-acetylglutamate,70914,8/3/17,C00624,HMDB01138
N-acetylglutamine,182230,2490-97-3,C02716,HMDB06029
N-acetylglycine,10972,543-24-8,,HMDB00532
N-acetylhistamine,69602,673-49-4,C05135,HMDB13253
N-acetylhistidine,75619,39145-52-3,C02997,HMDB32055
N-acetylisoleucine,306109,3077-46-1,,HMDB61684
N-acetylkynurenine (2),,,,
N-acetylleucine,70912,1188-21-2,C02710,HMDB11756
N-acetylmethionine,448580,65-82-7,C02712,HMDB11745
N-acetylmethionine sulfoxide,193368,108646-71-5,,
N-acetylneuraminate,439197,131-48-6,C00270,HMDB00230
N-acetylphenylalanine,74839,2018-61-3,C03519,HMDB00512
N-acetylproline,322640,1074-79-9,,
N-acetylputrescine,122356,18233-70-0,C02714,HMDB02064
N-acetylserine,65249,97-14-3,,HMDB02931
N-acetyltaurine,159864,,,
N-acetyltheanine,,,,
N-acetylthreonine,152204,17093-74-2,,HMDB62557
N-acetyltryptophan,700653,1218-34-4,C03137,HMDB13713
N-acetyltyrosine,68310,537-55-3,,HMDB00866
N-acetylvaline,66789,96-81-1,,HMDB11757
N-alpha-acetylornithine,439232,8/9/05,C00437,HMDB03357
N-behenoyl-sphingadienine (d18:2/22:0)*,,,,
N-carbamoylalanine,426409,77340-50-2,,
N-delta-acetylornithine,9920500,,,
N-desalkylquetiapine*,11369918,,,
N-ethylglycinexylidide,24415,7728-40-7,C16561,HMDB60656
N-formylanthranilic acid,101399,3342-77-6,C05653,HMDB04089
N-formylmethionine,439750,4289-98-9,C03145,HMDB01015
N-formylphenylalanine,759256,13200-85-6,,
N-L-formylkynurenine,910,1022-31-7,"C02700,C02406,C15605",HMDB01200
N-linoleoylglycine,6433346,3/6/64,,
N-linoleoylserine*,,,,
N-linoleoyltaurine*,,,,
N-methylhydroxyproline,9860390,,,
N-methylpipecolate,11286529,41447-17-0,,
N-methylproline,557,475-11-6,,
N-monomethylarginine,132862,53308-83-1,C03884,HMDB29416
N-oleoylserine,,,,
N-oleoyltaurine,6437033,52514-04-2,,
N-palmitoyl-sphingadienine (d18:2/16:0)*,,,,
N-palmitoyl-sphinganine (d18:0/16:0),5283572,5966-29-0,,HMDB11760
N-palmitoyl-sphingosine (d18:1/16:0),5283564,24696-26-2,,HMDB04949
N-palmitoylglycine,151008,2441-41-0,,HMDB13034
N-palmitoylserine,6453686,58725-46-5;474943-14-1,,
N-palmitoyltaurine,,83982-06-3,,
N-stearoyl-sphingadienine (d18:2/18:0)*,,,,
N-stearoyl-sphinganine (d18:0/18:0)*,5283573,2304-80-5,,
N-stearoyl-sphingosine (d18:1/18:0)*,5283565,104404-17-3,,HMDB04950
N-stearoylserine*,,,,
N-stearoyltaurine,168274,63155-80-6,,
"N1,N12-diacetylspermine",132680,61345-83-3,C03413,HMDB02172
N1-Methyl-2-pyridone-5-carboxamide,69698,701-44-0,C05842,HMDB04193
N1-Methyl-4-pyridone-3-carboxamide,440810,769-49-3,C05843,HMDB04194
1-methyladenosine,27476,15763-06-1,C02494,HMDB03331
N1-methylinosine,65095,20245-33-4,,HMDB02721
"N2,N2-dimethylguanosine",92919,2140-67-2,,HMDB04824
"N2,N5-diacetylornithine",65977,39825-23-5,,
"N2-acetyl,N6,N6-dimethyllysine",,,,
"N2-acetyl,N6-methyllysine",,,,
N2-methylguanosine,3035422,2140-77-4,,HMDB05862
N4-acetylcytidine,107461,3768-18-1,,HMDB05923
N4-acetylsulfamethoxazole*,65280,,"C13061,D01601",HMDB13854
"N6,N6,N6-trimethyllysine",440120,23284-33-5,C03793,HMDB01325
"N6,N6-dimethyllysine",193344,2259-86-1,C05545,HMDB13287
N6-acetyllysine,92832,692-04-6,C02727,HMDB00206
N6-carbamoylthreonyladenosine,161466,24719-82-2,,HMDB41623
N6-methyladenosine,102175,1867-73-8,,HMDB04044
N6-methyllysine,164795,1188-07-4,C02728,HMDB02038
N6-succinyladenosine,165243,4542-23-8,,HMDB00912
naproxen,156391,22204-53-1,C01517,HMDB01923
nervonoylcarnitine (C24:1)*,,,,
nicotinamide,936,98-92-0,C00153,HMDB01406
nicotinamide riboside,439924,1341-23-7,C03150,HMDB00855
nisinate (24:6n3),11792612,68378-49-4,,HMDB02007
nonadecanoate (19:0),12591,646-30-0,C16535,HMDB00772
nonanoylcarnitine (C9),,,,HMDB13288
norfluoxetine,4541,83891-03-6,,HMDB60551
o-cresol sulfate,11615528,,,
O-sulfo-L-tyrosine,514186,,,
octadecadienedioate (C18:2-DC)*,,,,
octadecanedioate (C18),70095,871-70-5,,HMDB00782
octadecanedioylcarnitine (C18-DC)*,,123233-50-1,,
octadecenedioate (C18:1-DC),,,,
octadecenedioylcarnitine (C18:1-DC)*,,251981-06-3,,
octanoylcarnitine (C8),123701,3671-77-0,C02838,HMDB00791
ofloxacin,4583,82419-36-1,C07321,HMDB01929
oleamide,5283387,301-02-0,C19670,HMDB02117
oleate/vaccenate (18:1),,,,
oleoyl ethanolamide,5283454,11-58-0;111-58-0,,HMDB02088
oleoyl-arachidonoyl-glycerol (18:1/20:4) [1]*,,,,
oleoyl-arachidonoyl-glycerol (18:1/20:4) [2]*,,,,
oleoyl-linoleoyl-glycerol (18:1/18:2) [1],,106292-55-1,,HMDB07219
oleoyl-linoleoyl-glycerol (18:1/18:2) [2],,104346-53-4,,HMDB07219
oleoylcarnitine (C18:1),6441392,38677-66-6,,HMDB05065
oleoylcholine,,,,
ondansetron,4595,99614-02-5,"C07325,D00456",HMDB05035
ophthalmate,7018721,495-27-2,,HMDB05765
ornithine,6262,3184-13-2,C00077,HMDB03374
orotate,967,50887-69-9,C00295,HMDB00226
orotidine,92751,314-50-1,,HMDB00788
oxalate (ethanedioate),971,144-62-7,C00209,HMDB02329
p-cresol glucuronide*,154035,17680-99-8,,HMDB11686
p-cresol sulfate,4615423,3233-57-7,,HMDB11635
palmitamide (16:0),69421,629-54-9,,HMDB12273
palmitate (16:0),985,57-10-3,C00249,HMDB00220
palmitoleamide (16:1)*,,,,
palmitoleate (16:1n7),445638,373-49-9,C08362,HMDB03229
palmitoleoylcarnitine (C16:1)*,71464547,,,
palmitoloelycholine,,,,
palmitoyl dihydrosphingomyelin (d18:0/16:0)*,9939965,,,
palmitoyl ethanolamide,4671,544-31-0,C16512,HMDB02100
palmitoyl sphingomyelin (d18:1/16:0),9939941,6254-89-3,,
palmitoyl-docosahexaenoyl-glycerol (16:0/22:6) [1]*,,,,
palmitoyl-linoleoyl-glycerol (16:0/18:2) [2]*,,,,
palmitoylcarnitine (C16),461,6865-14-1,C02990,HMDB00222
palmitoylcholine,151731,,,
pantoate,439251,470-29-1,C00522,
pantothenate (Vitamin B5),6613,137-08-6,C00864,HMDB00210
paraxanthine,4687,611-59-6,C13747,HMDB01860
pentadecanoate (15:0),13849,1002-84-2;10002-84-2,C16537,HMDB00826
pentose acid*,,,,
perfluorooctanesulfonate (PFOS),74483,1763-23-1,C18142,HMDB59586
perfluorooctanoate (PFOA),9554,,,HMDB59587
phenol sulfate,74426,937-34-8,C02180,HMDB60015
phenylacetate,999,103-82-2,C07086,HMDB00209
phenylacetylcarnitine,101724840,287108-21-8,,
phenylacetylglutamate,11579826,,,HMDB59772
phenylacetylglutamine,92258,28047-15-6,C04148,HMDB06344
phenylacetylglycine,68144,500-98-1,C05598,HMDB00821
phenylalanine,6140,63-91-2,C00079,HMDB00159
phenylalanylalanine,5488196,3918-87-4,,
phenylalanylglycine,98207,721-90-4,,HMDB28995
phenylalanylhydroxyproline*,,,,"HMDB28996,HMDB11176"
phenyllactate (PLA),3848,828-01-3,C05607,HMDB00779
phenylpyruvate,997,156-06-9,C00166,HMDB00205
phosphate,1061,7664-38-2,C00009,HMDB01429
phosphoethanolamine (PE),1015,1071-23-4,C00346,HMDB00224
phytanate,26840,14721-66-5,C01607,HMDB00801
picolinate,1018,98-98-6,C10164,HMDB02243
pimelate (C7-DC),385,111-16-0,C02656,HMDB00857
pimeloylcarnitine/3-methyladipoylcarnitine (C7-DC),,,,
pipecolate,849,4043-87-2,C00408,HMDB00070
piperine,638024,94-62-2,C03882,HMDB29377
pivaloylcarnitine (C5),126894,98299-38-8,,HMDB41993
pregnanediol-3-glucuronide,123796,1852-49-9,,HMDB10318
pregnanolone/allopregnanolone sulfate,,,,
pregnen-diol disulfate*,,,,
pregnenediol sulfate (C21H34O5S)*,,1247-64-9,,
pregnenetriol disulfate*,,,,
pregnenetriol sulfate*,,,,
pregnenolone sulfate,105074,1247-64-9,,HMDB00774
prolylhydroxyproline,11673055,18684-24-7,,HMDB06695
proline,145742,147-85-3,C00148,HMDB00162
prolylglycine,6426709,2578-57-6,,HMDB11178
propionylcarnitine (C3),107738,17298-37-2,C03017,HMDB00824
propionylglycine (C3),98681,21709-90-0,,HMDB00783
propyl 4-hydroxybenzoate,7175,94-13-3,D01422,HMDB32574
propyl 4-hydroxybenzoate sulfate,,162338-10-5,,
pseudoephedrine,7028,90-82-4,C02765,HMDB01943
pseudouridine,15047,1445-07-4,C02067,HMDB00767
pyridoxal,1050,65-22-5,C00250,HMDB01545
pyridoxate,6723,82-82-6,C00847,HMDB00017
pyroglutamine*,134508,2353-44-8,,
pyrraline,122228,74509-14-1,,HMDB33143
pyruvate,1060,127-17-3,C00022,HMDB00243
quetiapine,5002,111974-69-7,C07397,HMDB05021
quinate,6508,77-95-2,C00296,HMDB03072
quinolinate,1066,89-00-9,C03722,HMDB00232
ranitidine,3001055,66357-59-3,D00422,HMDB01930
ranitidine N-oxide*,3033888,,,
retinol (Vitamin A),445354,68-26-8,C00473,HMDB00305
ribitol,6912,488-81-3,C00474,HMDB00508
riboflavin (Vitamin B2),493570,83-88-5,C00255,HMDB00244
ribonate,5460677,8/3/36,C01685,HMDB00867
ribose,5779,50-69-1,C00121,HMDB00283
ritalinic acid,86863,19395-41-6,,HMDB42008
S-1-pyrroline-5-carboxylate,1196,2906-39-0,C04322,HMDB01301
S-adenosylhomocysteine (SAH),439155,979-92-0,C00021,HMDB00939
S-allylcysteine,98280,21593-77-1,,HMDB34323
S-carboxyethylcysteine,,4033-46-9,,
S-methylcysteine,24417,1187-84-4,,HMDB02108
S-methylcysteine sulfoxide,82142,6853-87-8,,HMDB29432
S-methylmethionine,458,12/7/93,C05319,HMDB38670
saccharin,5143,81-07-2,D01085,HMDB29723
salicylate,338,69-72-7,C00805,HMDB01895
salicyluric glucuronide*,,,,
sarcosine,1088,107-97-1,C00213,HMDB00271
sebacate (C10-DC),5192,111-20-6,C08277,HMDB00792
serine,5951,56-45-1,C00065,HMDB00187
serotonin,5202,153-98-0,C00780,HMDB00259
spermidine,1102,124-20-9,C00315,HMDB01257
sphinganine,3126,3102-56-5,C00836,HMDB00269
sphinganine-1-phosphate,520,19794-97-9,,HMDB01383
"sphingomyelin (d17:1/14:0, d16:1/15:0)*",,,,
"sphingomyelin (d17:1/16:0, d18:1/15:0, d16:1/17:0)*",,121999-58-4,,
"sphingomyelin (d18:0/18:0, d19:0/17:0)*",,,,HMDB12087
"sphingomyelin (d18:0/20:0, d16:0/22:0)*",,,,
"sphingomyelin (d18:1/14:0, d16:1/16:0)*",11433862,,,HMDB12097
"sphingomyelin (d18:1/17:0, d17:1/18:0, d19:1/16:0)",,121999-64-2,,
"sphingomyelin (d18:1/18:1, d18:2/18:0)",6443882,108392-10-5,,HMDB12101
"sphingomyelin (d18:1/19:0, d19:1/18:0)*",,,,
"sphingomyelin (d18:1/20:0, d16:1/22:0)*",,,,HMDB12102
"sphingomyelin (d18:1/20:1, d18:2/20:0)*",,222403-67-0,,
"sphingomyelin (d18:1/20:2, d18:2/20:1, d16:1/22:2)*",,,,
"sphingomyelin (d18:1/21:0, d17:1/22:0, d16:1/23:0)*",,,,
"sphingomyelin (d18:1/22:1, d18:2/22:0, d16:1/24:1)*",,,,HMDB12104
"sphingomyelin (d18:1/22:2, d18:2/22:1, d16:1/24:2)*",,,,
"sphingomyelin (d18:1/24:1, d18:2/24:0)*",,94359-13-4,,HMDB12107
"sphingomyelin (d18:2/14:0, d18:1/14:1)*",,,,
"sphingomyelin (d18:2/16:0, d18:1/16:1)*",,,,
sphingomyelin (d18:2/18:1)*,,,,
"sphingomyelin (d18:2/21:0, d16:2/23:0)*",,,,
"sphingomyelin (d18:2/23:0, d18:1/23:1, d17:1/24:1)*",,,,
sphingomyelin (d18:2/23:1)*,,,,
"sphingomyelin (d18:2/24:1, d18:1/24:2)*",,,,
sphingomyelin (d18:2/24:2)*,,,,
sphingosine,5353955,123-78-4,C00319,HMDB00252
sphingosine 1-phosphate,5283560,26993-30-6,C06124,HMDB00277
stachydrine,115244,4136-37-2,C10172,HMDB04827
stearamide (18:0),31292,124-26-5,C13846,HMDB34146
stearate (18:0),5281,57-11-4,C01530,HMDB00827
stearidonate (18:4n3),5312508,111174-40-4,C16300,HMDB06547
stearoyl ethanolamide,27902,111-57-9,,HMDB13078
stearoyl sphingomyelin (d18:1/18:0),6453725,85187-10-6;85187-10-6,C00550,HMDB01348
stearoylcarnitine (C18),6426855,18822-91-8,,HMDB00848
stearoylcholine*,,,,
suberate (C8-DC),10457,505-48-6,C08278,HMDB00893
suberoylcarnitine (C8-DC),,,,
succinate,1110,110-15-6,C00042,HMDB00254
succinimide,11439,123-56-8,C07273,
succinoyltaurine,,,,
succinylcarnitine (C4-DC),71464481,256928-74-2,,HMDB61717
sucralose,71485,56038-13-2,C12285,HMDB31554
sucrose,5988,57-50-1,C00089,HMDB00258
sulfamethoxazole,5329,,"D00285,C07315,D00447",HMDB15150
sulfate of piperine metabolite C16H19NO3 (2)*,,,,
sulfate of piperine metabolite C16H19NO3 (3)*,,,,
sulfate of piperine metabolite C18H21NO3 (1)*,,,,
sulfate of piperine metabolite C18H21NO3 (3)*,,,,
sulfate*,1118,14808-79-8,C00059,HMDB01448
sulfociprofloxacin*,128781,,,
syringol sulfate,,52904-67-3,,
tartarate,444305,87-69-4;6106-24-7,C00898,HMDB00956
tartronate (hydroxymalonate),45,80-69-3,C02287,HMDB35227
taurine,1123,107-35-7,C00245,HMDB00251
tauro-beta-muricholate,168408,25696-60-0,,HMDB00932
taurochenodeoxycholate,387316,6009-98-9,C05465,HMDB00951
taurochenodeoxycholic acid 3-sulfate,,,,HMDB02486
taurocholate,6675,145-42-6,C05122,HMDB00036
taurocholenate sulfate*,,,,
taurodeoxycholate,2733768,207737-97-1,C05463,HMDB00896
taurohyocholate*,,,,
taurolithocholate 3-sulfate,440071,64936-83-0,C03642,HMDB02580
tauroursodeoxycholate,9848818,14605-22-2,,HMDB00874
tetradecadienedioate (C14:2-DC)*,,,,
tetradecadienoate (14:2)*,5312409,39039-37-7,,HMDB00560
tetradecanedioate (C14),13185,821-38-5,,HMDB00872
tetrahydrocortisol sulfate (1),,,,
theanine,439378,3081-61-6,C01047,HMDB34365
theobromine,5429,83-67-0,C07480,HMDB02825
theophylline,2153,58-55-9,C07130,HMDB01889
thioproline,93176,34592-47-4,,
threonate,151152,70753-61-6,C01620,HMDB00943
threonine,6288,72-19-5,C00188,HMDB00167
threonylphenylalanine,4099799,16875-27-7,,HMDB29068
thromboxane B2,5283137,54397-85-2,C05963,HMDB03252
thymol sulfate,,89-83-8,C09908,HMDB01878
thyroxine,5819,51-48-9,C01829,HMDB01918
tiglyl carnitine (C5),22833596,64191-86-2,,HMDB02366
trans-2-hexenoylglycine,,,,
"trans-3,4-methyleneheptanoate",,,,
"trans-3,4-methyleneheptanoylcarnitine",,,,
hydroxyproline,5810,51-35-4,C01157,HMDB00725
trans-urocanate,736715,104-98-3,C00785,HMDB00301
trazadone,5533,19794-93-5,"C07156,D08626",HMDB14794
tricosanoyl sphingomyelin (d18:1/23:0)*,,,,HMDB12105
tridecenedioate (C13:1-DC)*,,,,
trigonelline (N'-methylnicotinate),5570,535-83-1,C01004,HMDB00875
trimethylamine N-oxide,1145,1184-78-7,C01104,HMDB00925
trizma acetate,6503,6850-28-8,C07182,
tryptophan,6305,73-22-3,C00078,HMDB00929
tryptophan betaine,442106,20671-76-5,C09213,HMDB61115
tyramine O-sulfate,153005,30223-92-8,,HMDB06409
tyrosine,6057,60-18-4,C00082,HMDB00158
umbelliferone sulfate,129659,69526-88-1,,
undecanedioate (C11-DC),15816,1852-04-6,,HMDB00888
undecenoylcarnitine (C11:1),,,,
uracil,1174,66-22-8,C00106,HMDB00300
urate,1175,69-93-2;120K5305,C00366,HMDB00289
urea,1176,57-13-6,C00086,HMDB00294
uridine,6029,58-96-8,C00299,HMDB00296
ursodeoxycholate,31401,128-13-2,C07880,HMDB00946
valerate (5:0),7991,109-52-4,C00803,HMDB00892
valine,6287,72-18-4,C00183,HMDB00883
valproate (2-propylpentanoate),3121,99-66-1,C07185,HMDB01877
valproic acid glucuronide,88111,,,HMDB00901
valylglutamine,5253209,42854-54-6,,HMDB29125
valylglycine,136487,686-43-1,,HMDB29127
valylleucine,352039,22906-55-4,,HMDB29131
vanillactate,160637,2475-56-1,,HMDB00913
vanillic acid glycine,3083688,,,HMDB60026
vanillic alcohol sulfate,,754920-02-0,,
vanillylmandelate (VMA),1245,55-10-7,C05584,HMDB00291
xanthine,1188,69-89-6,C00385,HMDB00292
xanthosine,64959,146-80-5,C01762,HMDB00299
xanthurenate,5699,59-007,C02470,HMDB00881
ximenoylcarnitine (C26:1)*,,,,
xylose,135191,609-06-3,C00181,HMDB00098